user_id,emotion,user_id.1,gaze_x,gaze_y,attention_time,emotion_score,engagement_score,trial_no,choice
142,happy,1,172.0,159.0,1.6092100543,1.0,2.6092100543,,
975,happy,2,725.0,316.0,2.8115526655,1.0,3.8115526655,,
813,happy,3,545.0,197.0,3.3702567191,1.0,4.3702567191,,
884,happy,4,576.0,208.0,4.8758567893,1.0,5.8758567893,,
407,happy,5,703.0,198.0,2.0780553526,1.0,3.0780553526,,
719,sad,6,676.0,246.0,3.7950541405,0.2,3.9950541405,,
429,surprise,7,733.0,92.0,1.7985274373,0.8,2.5985274373,,
868,happy,8,114.0,182.0,3.3319504036,1.0,4.3319504036,,
887,sad,9,514.0,73.0,1.2706833457,0.2,1.4706833457,,
130,surprise,10,295.0,413.0,2.1146768218,0.8,2.9146768218,,
779,neutral,11,492.0,449.0,1.2006517238,0.5,1.7006517238,,
577,angry,12,753.0,401.0,2.5095647004,0.0,2.5095647004,,
760,surprise,13,361.0,405.0,3.7719001056,0.8,4.5719001056,,
780,surprise,14,687.0,332.0,4.6915801445,0.8,5.4915801445,,
841,angry,15,573.0,291.0,4.9647676421,0.0,4.9647676421,,
397,sad,16,676.0,68.0,2.8738915813,0.2,3.0738915813,,
587,neutral,17,511.0,232.0,2.6568077903,0.5,3.1568077903,,
448,angry,18,20.0,284.0,4.3236974624,0.0,4.3236974624,,
443,neutral,19,651.0,263.0,2.6947940401,0.5,3.1947940401,,
243,happy,20,22.0,381.0,2.7511132513,1.0,3.7511132513,,
270,happy,21,53.0,256.0,4.8530962027,1.0,5.8530962027,,
733,angry,22,143.0,225.0,4.8605596938,0.0,4.8605596938,,
238,neutral,23,619.0,324.0,4.5759364298,0.5,5.0759364298,,
49,angry,24,328.0,433.0,4.0963411566,0.0,4.0963411566,,
931,happy,25,61.0,141.0,4.2739546593,1.0,5.2739546593,,
998,happy,26,328.0,358.0,2.22920652,1.0,3.22920652,,
645,surprise,27,526.0,101.0,2.3547657748,0.8,3.1547657748,,
827,happy,28,215.0,278.0,1.1665857046,1.0,2.1665857046,,
10,angry,29,155.0,145.0,3.2128141522,0.0,3.2128141522,,
898,angry,30,654.0,346.0,1.7989504805,0.0,1.7989504805,,
783,surprise,31,278.0,36.0,2.8060379131,0.8,3.6060379131,,
516,surprise,32,119.0,492.0,3.8758441827,0.8,4.6758441827,,
29,surprise,33,568.0,260.0,3.4055452326,0.8,4.2055452326,,
461,angry,34,14.0,38.0,1.7238577286,0.0,1.7238577286,,
453,happy,35,675.0,337.0,3.7255048985,1.0,4.7255048985,,
671,neutral,36,563.0,479.0,2.9688691683,0.5,3.4688691683,,
650,sad,37,252.0,49.0,1.3408909253,0.2,1.5408909253,,
649,sad,38,711.0,114.0,1.7453154554,0.2,1.9453154554,,
339,happy,39,673.0,470.0,4.4568680905,1.0,5.4568680905,,
611,happy,40,25.0,183.0,4.939002859,1.0,5.939002859,,
831,surprise,41,658.0,135.0,2.486127425,0.8,3.286127425,,
81,neutral,42,104.0,84.0,1.1077779867,0.5,1.6077779867,,
944,neutral,43,149.0,97.0,2.7750578523,0.5,3.2750578523,,
995,surprise,44,9.0,284.0,1.6615421429,0.8,2.4615421429,,
140,neutral,45,66.0,404.0,4.5218988702,0.5,5.0218988702,,
704,happy,46,519.0,152.0,2.986392437,1.0,3.986392437,,
283,neutral,47,285.0,260.0,4.7661008141,0.5,5.2661008141,,
64,happy,48,79.0,78.0,3.5794428404,1.0,4.5794428404,,
103,angry,49,393.0,234.0,4.8321076925,0.0,4.8321076925,,
823,sad,50,565.0,384.0,2.8048065571,0.2,3.0048065571,,
348,sad,51,463.0,468.0,1.3282000982,0.2,1.5282000982,,
374,surprise,52,133.0,153.0,2.6745453959,0.8,3.4745453959,,
337,surprise,53,512.0,152.0,2.6194696489,0.8,3.4194696489,,
251,happy,54,283.0,318.0,4.4694847586,1.0,5.4694847586,,
965,surprise,55,394.0,496.0,3.5002976191,0.8,4.3002976191,,
85,sad,56,580.0,251.0,3.315388265,0.2,3.515388265,,
276,sad,57,525.0,124.0,3.6659940496,0.2,3.8659940496,,
880,neutral,58,147.0,459.0,2.0892167503,0.5,2.5892167503,,
659,surprise,59,525.0,474.0,2.9921352341,0.8,3.7921352341,,
860,surprise,60,615.0,277.0,3.0135118271,0.8,3.8135118271,,
651,surprise,61,77.0,276.0,3.3771535803,0.8,4.1771535803,,
957,surprise,62,529.0,421.0,2.1172103474,0.8,2.9172103474,,
787,angry,63,183.0,50.0,3.5946572261,0.0,3.5946572261,,
953,neutral,64,743.0,325.0,3.6207511623,0.5,4.1207511623,,
270,happy,65,202.0,353.0,3.8524915377,1.0,4.8524915377,,
543,happy,66,75.0,183.0,1.0595458273,1.0,2.0595458273,,
999,happy,67,489.0,204.0,4.8265700999,1.0,5.8265700999,,
385,happy,68,204.0,20.0,2.0220960448,1.0,3.0220960448,,
298,happy,69,578.0,112.0,4.4476437448,1.0,5.4476437448,,
415,surprise,70,796.0,91.0,2.4210247028,0.8,3.2210247028,,
930,neutral,71,405.0,58.0,4.6543004563,0.5,5.1543004563,,
631,surprise,72,490.0,384.0,2.7213235047,0.8,3.5213235047,,
946,neutral,73,690.0,244.0,4.2861165376,0.5,4.7861165376,,
499,surprise,74,564.0,258.0,2.6597034245,0.8,3.4597034245,,
33,neutral,75,738.0,124.0,4.1781588373,0.5,4.6781588373,,
37,angry,76,12.0,244.0,4.1074991822,0.0,4.1074991822,,
40,neutral,77,373.0,210.0,1.5482541453,0.5,2.0482541453,,
758,neutral,78,261.0,290.0,1.2965525527,0.5,1.7965525527,,
56,sad,79,343.0,406.0,3.9338457212,0.2,4.1338457212,,
904,angry,80,181.0,487.0,2.8074726561,0.0,2.8074726561,,
446,surprise,81,549.0,398.0,4.354041352,0.8,5.154041352,,
779,neutral,82,481.0,430.0,2.4856485188,0.5,2.9856485188,,
700,angry,83,12.0,287.0,2.3209882636,0.0,2.3209882636,,
902,sad,84,435.0,42.0,2.2965126608,0.2,2.4965126608,,
267,angry,85,427.0,495.0,1.8768233643,0.0,1.8768233643,,
402,surprise,86,537.0,24.0,4.3666731672,0.8,5.1666731672,,
957,surprise,87,33.0,24.0,1.8309406643,0.8,2.6309406643,,
964,angry,88,792.0,111.0,3.5966085208,0.0,3.5966085208,,
248,surprise,89,674.0,405.0,2.3223018976,0.8,3.1223018976,,
868,happy,90,535.0,353.0,1.1243497432,1.0,2.1243497432,,
516,surprise,91,88.0,42.0,2.3697193792,0.8,3.1697193792,,
398,happy,92,134.0,256.0,4.1285718505,1.0,5.1285718505,,
879,surprise,93,686.0,65.0,1.9838635583,0.8,2.7838635583,,
495,happy,94,682.0,244.0,3.9658041995,1.0,4.9658041995,,
615,angry,95,569.0,406.0,2.9345950351,0.0,2.9345950351,,
524,angry,96,319.0,484.0,4.6487288153,0.0,4.6487288153,,
981,neutral,97,545.0,74.0,2.8039369399,0.5,3.3039369399,,
687,happy,98,13.0,40.0,2.3437628534,1.0,3.3437628534,,
15,happy,99,3.0,302.0,3.6283914795,1.0,4.6283914795,,
68,neutral,100,475.0,188.0,1.8866255179,0.5,2.3866255179,,
414,angry,101,227.0,115.0,3.0424054088,0.0,3.0424054088,,
405,sad,102,570.0,345.0,1.7420378097,0.2,1.9420378097,,
507,sad,103,668.0,84.0,3.9409097111,0.2,4.1409097111,,
392,neutral,104,165.0,206.0,4.2983808808,0.5,4.7983808808,,
799,surprise,105,256.0,431.0,2.4018591313,0.8,3.2018591313,,
236,surprise,106,612.0,403.0,1.2844995226,0.8,2.0844995226,,
689,angry,107,19.0,159.0,1.8277503015,0.0,1.8277503015,,
567,happy,108,377.0,443.0,2.6628606903,1.0,3.6628606903,,
451,sad,109,61.0,22.0,3.7790284527,0.2,3.9790284527,,
33,neutral,110,231.0,193.0,4.1903204411,0.5,4.6903204411,,
977,angry,111,94.0,16.0,4.7071579519,0.0,4.7071579519,,
634,surprise,112,181.0,271.0,2.539266895,0.8,3.339266895,,
304,sad,113,426.0,187.0,4.1222295506,0.2,4.3222295506,,
981,neutral,114,581.0,102.0,3.5232323846,0.5,4.0232323846,,
461,angry,115,195.0,183.0,1.3899570846,0.0,1.3899570846,,
448,angry,116,474.0,425.0,1.5748279469,0.0,1.5748279469,,
255,angry,117,230.0,367.0,4.9070718257,0.0,4.9070718257,,
517,angry,118,83.0,349.0,4.7093863254,0.0,4.7093863254,,
315,surprise,119,89.0,145.0,4.2230129212,0.8,5.0230129212,,
492,happy,120,9.0,323.0,4.696515892,1.0,5.696515892,,
824,happy,121,36.0,178.0,4.7405353359,1.0,5.7405353359,,
169,surprise,122,77.0,35.0,2.0130085496,0.8,2.8130085496,,
84,neutral,123,496.0,422.0,3.9401986803,0.5,4.4401986803,,
263,angry,124,304.0,81.0,3.4714437215,0.0,3.4714437215,,
125,angry,125,522.0,139.0,4.5353696546,0.0,4.5353696546,,
702,happy,126,216.0,254.0,2.3627040723,1.0,3.3627040723,,
725,happy,127,96.0,7.0,1.9560430493,1.0,2.9560430493,,
939,angry,128,443.0,426.0,2.7050409934,0.0,2.7050409934,,
49,angry,129,351.0,17.0,1.9366256546,0.0,1.9366256546,,
817,angry,130,496.0,264.0,3.7204187362,0.0,3.7204187362,,
960,angry,131,439.0,420.0,1.3006890539,0.0,1.3006890539,,
514,neutral,132,447.0,107.0,4.7873912617,0.5,5.2873912617,,
191,surprise,133,723.0,317.0,4.5386531942,0.8,5.3386531942,,
991,neutral,134,159.0,262.0,3.9184219975,0.5,4.4184219975,,
81,neutral,135,426.0,359.0,1.8394771361,0.5,2.3394771361,,
938,sad,136,120.0,414.0,2.4811931885,0.2,2.6811931885,,
860,surprise,137,221.0,102.0,1.1961900569,0.8,1.9961900569,,
320,neutral,138,220.0,215.0,3.0989412329,0.5,3.5989412329,,
319,happy,139,156.0,405.0,2.7472110185,1.0,3.7472110185,,
595,sad,140,480.0,398.0,4.4003307831,0.2,4.6003307831,,
970,angry,141,172.0,365.0,2.4922768058,0.0,2.4922768058,,
613,surprise,142,225.0,93.0,2.612799181,0.8,3.412799181,,
85,sad,143,56.0,280.0,3.7980391151,0.2,3.9980391151,,
78,angry,144,530.0,282.0,3.7929153459,0.0,3.7929153459,,
55,sad,145,653.0,177.0,3.40083082,0.2,3.60083082,,
305,happy,146,384.0,389.0,4.3956135804,1.0,5.3956135804,,
921,neutral,147,308.0,386.0,2.1364459016,0.5,2.6364459016,,
501,surprise,148,68.0,362.0,3.1989576598,0.8,3.9989576598,,
971,sad,149,115.0,1.0,3.5487181775,0.2,3.7487181775,,
521,happy,150,725.0,153.0,1.3155186147,1.0,2.3155186147,,
1000,happy,151,322.0,176.0,3.8172465873,1.0,4.8172465873,,
344,angry,152,27.0,166.0,2.7159802821,0.0,2.7159802821,,
103,angry,153,566.0,85.0,2.5923312665,0.0,2.5923312665,,
342,neutral,154,140.0,101.0,2.1543080738,0.5,2.6543080738,,
606,surprise,155,693.0,202.0,3.922352166,0.8,4.722352166,,
143,neutral,156,713.0,219.0,3.1257842748,0.5,3.6257842748,,
155,sad,157,776.0,270.0,2.8441871217,0.2,3.0441871217,,
36,happy,158,38.0,79.0,3.4652674509,1.0,4.4652674509,,
215,surprise,159,559.0,248.0,3.8450827168,0.8,4.6450827168,,
738,angry,160,318.0,168.0,4.3004700315,0.0,4.3004700315,,
484,surprise,161,612.0,157.0,4.0746489058,0.8,4.8746489058,,
918,angry,162,631.0,496.0,2.5961438918,0.0,2.5961438918,,
933,happy,163,169.0,433.0,2.6222565686,1.0,3.6222565686,,
500,happy,164,530.0,44.0,3.0925928825,1.0,4.0925928825,,
395,angry,165,331.0,378.0,2.9931208996,0.0,2.9931208996,,
676,sad,166,449.0,267.0,2.0924520699,0.2,2.2924520699,,
512,neutral,167,784.0,217.0,2.8883538099,0.5,3.3883538099,,
147,angry,168,542.0,478.0,2.1805038916,0.0,2.1805038916,,
781,neutral,169,283.0,266.0,3.7751836025,0.5,4.2751836025,,
192,angry,170,16.0,132.0,1.9037596519,0.0,1.9037596519,,
90,neutral,171,154.0,342.0,3.331103181,0.5,3.831103181,,
926,neutral,172,94.0,236.0,3.1682067908,0.5,3.6682067908,,
519,neutral,173,653.0,41.0,2.9478762566,0.5,3.4478762566,,
674,angry,174,564.0,369.0,4.4160143579,0.0,4.4160143579,,
358,happy,175,724.0,148.0,3.5300652751,1.0,4.5300652751,,
22,angry,176,158.0,143.0,2.4182844036,0.0,2.4182844036,,
758,neutral,177,306.0,340.0,1.931486916,0.5,2.431486916,,
492,happy,178,228.0,403.0,1.2941290787,1.0,2.2941290787,,
500,happy,179,702.0,428.0,4.1598063018,1.0,5.1598063018,,
38,surprise,180,12.0,371.0,2.7731853757,0.8,3.5731853757,,
623,surprise,181,609.0,455.0,2.691966094,0.8,3.491966094,,
286,surprise,182,637.0,497.0,3.7542434973,0.8,4.5542434973,,
903,surprise,183,6.0,347.0,2.4455235663,0.8,3.2455235663,,
514,neutral,184,242.0,483.0,3.9225902488,0.5,4.4225902488,,
412,sad,185,795.0,312.0,4.3816690841,0.2,4.5816690841,,
394,sad,186,212.0,193.0,3.7585257474,0.2,3.9585257474,,
64,happy,187,445.0,179.0,2.3686151896,1.0,3.3686151896,,
265,neutral,188,223.0,339.0,2.1309549428,0.5,2.6309549428,,
715,surprise,189,190.0,57.0,1.8168383218,0.8,2.6168383218,,
167,angry,190,490.0,462.0,2.8554852426,0.0,2.8554852426,,
887,sad,191,143.0,378.0,3.784488264,0.2,3.984488264,,
509,angry,192,31.0,378.0,3.0231949651,0.0,3.0231949651,,
334,sad,193,675.0,31.0,4.2015029184,0.2,4.4015029184,,
344,angry,194,166.0,124.0,1.9308010175,0.0,1.9308010175,,
376,surprise,195,744.0,284.0,2.5949410098,0.8,3.3949410098,,
668,sad,196,394.0,128.0,1.576424589,0.2,1.776424589,,
272,neutral,197,480.0,409.0,2.8391712604,0.5,3.3391712604,,
247,surprise,198,413.0,144.0,2.6945133811,0.8,3.4945133811,,
32,sad,199,277.0,468.0,4.5052787709,0.2,4.7052787709,,
255,angry,200,654.0,340.0,4.1652710292,0.0,4.1652710292,,
749,surprise,201,360.0,120.0,2.7934596835,0.8,3.5934596835,,
98,surprise,202,241.0,154.0,2.5197075465,0.8,3.3197075465,,
794,angry,203,798.0,344.0,3.7651755874,0.0,3.7651755874,,
515,happy,204,381.0,31.0,1.176238191,1.0,2.176238191,,
558,happy,205,610.0,425.0,1.4724974015,1.0,2.4724974015,,
804,neutral,206,77.0,129.0,2.0897735089,0.5,2.5897735089,,
608,angry,207,595.0,24.0,2.022927535,0.0,2.022927535,,
145,neutral,208,537.0,419.0,4.8118267787,0.5,5.3118267787,,
51,happy,209,595.0,172.0,2.4055988476,1.0,3.4055988476,,
237,happy,210,772.0,360.0,4.8685259902,1.0,5.8685259902,,
477,happy,211,640.0,136.0,4.052474176,1.0,5.052474176,,
466,neutral,212,243.0,266.0,4.5422776736,0.5,5.0422776736,,
968,angry,213,369.0,310.0,3.9587493794,0.0,3.9587493794,,
239,neutral,214,34.0,346.0,2.5843399846,0.5,3.0843399846,,
211,happy,215,48.0,19.0,1.7571441011,1.0,2.7571441011,,
659,surprise,216,98.0,141.0,1.1522478333,0.8,1.9522478333,,
150,sad,217,299.0,134.0,2.4685497642,0.2,2.6685497642,,
31,sad,218,118.0,99.0,4.6030959185,0.2,4.8030959185,,
571,surprise,219,742.0,170.0,3.9138242016,0.8,4.7138242016,,
713,angry,220,529.0,390.0,1.3307188661,0.0,1.3307188661,,
938,sad,221,537.0,125.0,2.1312118967,0.2,2.3312118967,,
515,happy,222,104.0,414.0,2.5288053717,1.0,3.5288053717,,
119,sad,223,424.0,454.0,2.0944700217,0.2,2.2944700217,,
644,sad,224,451.0,421.0,1.5482697792,0.2,1.7482697792,,
469,surprise,225,338.0,461.0,3.5295899409,0.8,4.3295899409,,
921,neutral,226,187.0,209.0,3.025853641,0.5,3.525853641,,
52,neutral,227,472.0,363.0,3.0046463781,0.5,3.5046463781,,
10,angry,228,118.0,228.0,4.6402213188,0.0,4.6402213188,,
578,angry,229,250.0,80.0,3.6527540498,0.0,3.6527540498,,
402,surprise,230,224.0,471.0,3.6750595013,0.8,4.4750595013,,
584,surprise,231,681.0,345.0,2.5654682531,0.8,3.3654682531,,
268,surprise,232,103.0,495.0,1.5844048374,0.8,2.3844048374,,
367,surprise,233,307.0,134.0,1.0823704408,0.8,1.8823704408,,
826,sad,234,741.0,98.0,2.139276357,0.2,2.339276357,,
378,surprise,235,115.0,36.0,3.600252669,0.8,4.400252669,,
495,happy,236,290.0,369.0,4.1085323284,1.0,5.1085323284,,
931,happy,237,462.0,162.0,2.053802447,1.0,3.053802447,,
55,sad,238,760.0,228.0,4.0378424811,0.2,4.2378424811,,
439,neutral,239,280.0,426.0,1.0528708415,0.5,1.5528708415,,
332,neutral,240,718.0,281.0,2.369219369,0.5,2.869219369,,
476,neutral,241,482.0,461.0,2.9483360508,0.5,3.4483360508,,
145,neutral,242,603.0,378.0,4.9034046543,0.5,5.4034046543,,
660,happy,243,284.0,279.0,3.4173838443,1.0,4.4173838443,,
680,sad,244,740.0,436.0,3.9419447717,0.2,4.1419447717,,
117,sad,245,794.0,325.0,4.1380386821,0.2,4.3380386821,,
26,angry,246,682.0,269.0,3.2626527692,0.0,3.2626527692,,
326,angry,247,454.0,49.0,4.4029663972,0.0,4.4029663972,,
768,neutral,248,738.0,217.0,2.9583364685,0.5,3.4583364685,,
354,angry,249,538.0,188.0,1.420542286,0.0,1.420542286,,
22,angry,250,449.0,248.0,4.6069747426,0.0,4.6069747426,,
876,surprise,251,517.0,286.0,3.8940548559,0.8,4.6940548559,,
711,surprise,252,419.0,388.0,4.3088468028,0.8,5.1088468028,,
360,surprise,253,414.0,318.0,3.4371595711,0.8,4.2371595711,,
48,surprise,254,369.0,116.0,1.8749288315,0.8,2.6749288315,,
359,neutral,255,354.0,222.0,3.9510117895,0.5,4.4510117895,,
952,sad,256,797.0,363.0,4.8444579001,0.2,5.0444579001,,
868,happy,257,364.0,439.0,2.5302659015,1.0,3.5302659015,,
179,angry,258,400.0,411.0,4.341573942,0.0,4.341573942,,
725,happy,259,386.0,344.0,2.7002289929,1.0,3.7002289929,,
356,angry,260,739.0,261.0,1.1329391648,0.0,1.1329391648,,
133,neutral,261,550.0,146.0,4.2324625049,0.5,4.7324625049,,
853,surprise,262,343.0,154.0,2.7143568528,0.8,3.5143568528,,
701,angry,263,698.0,91.0,4.2748973078,0.0,4.2748973078,,
899,sad,264,626.0,89.0,4.075433773,0.2,4.275433773,,
5,happy,265,327.0,104.0,2.4933243892,1.0,3.4933243892,,
368,neutral,266,655.0,79.0,1.4383786117,0.5,1.9383786117,,
595,sad,267,66.0,427.0,2.0963076992,0.2,2.2963076992,,
2,angry,268,788.0,430.0,1.4214992525,0.0,1.4214992525,,
820,surprise,269,205.0,323.0,1.2512713852,0.8,2.0512713852,,
347,surprise,270,237.0,21.0,3.4966552941,0.8,4.2966552941,,
763,angry,271,240.0,493.0,1.8781278077,0.0,1.8781278077,,
483,sad,272,363.0,52.0,3.6075805682,0.2,3.8075805682,,
16,sad,273,278.0,153.0,1.1273900117,0.2,1.3273900117,,
986,angry,274,401.0,345.0,1.1321517955,0.0,1.1321517955,,
784,sad,275,436.0,145.0,2.3380761319,0.2,2.5380761319,,
943,neutral,276,179.0,414.0,4.6187588324,0.5,5.1187588324,,
983,surprise,277,178.0,324.0,2.0792522696,0.8,2.8792522696,,
270,happy,278,411.0,296.0,4.7451674258,1.0,5.7451674258,,
537,surprise,279,779.0,2.0,3.3650357867,0.8,4.1650357867,,
995,surprise,280,560.0,227.0,1.9627713648,0.8,2.7627713648,,
224,surprise,281,429.0,270.0,4.5254234415,0.8,5.3254234415,,
997,sad,282,124.0,447.0,3.4477632918,0.2,3.6477632918,,
139,happy,283,196.0,274.0,4.0815933446,1.0,5.0815933446,,
983,surprise,284,688.0,429.0,2.1813640553,0.8,2.9813640553,,
127,angry,285,602.0,376.0,3.4065094181,0.0,3.4065094181,,
982,sad,286,672.0,256.0,2.3468613038,0.2,2.5468613038,,
810,neutral,287,10.0,183.0,1.9114645507,0.5,2.4114645507,,
654,happy,288,296.0,48.0,2.1147880918,1.0,3.1147880918,,
491,happy,289,676.0,180.0,1.078121659,1.0,2.078121659,,
505,neutral,290,71.0,410.0,4.0066721213,0.5,4.5066721213,,
773,neutral,291,548.0,54.0,4.2395020099,0.5,4.7395020099,,
364,sad,292,388.0,203.0,4.4872427642,0.2,4.6872427642,,
192,angry,293,623.0,53.0,4.6718251255,0.0,4.6718251255,,
684,sad,294,449.0,266.0,2.8101169867,0.2,3.0101169867,,
643,happy,295,324.0,195.0,2.4127722585,1.0,3.4127722585,,
164,sad,296,67.0,77.0,1.5314354514,0.2,1.7314354514,,
320,neutral,297,365.0,208.0,1.5734205457,0.5,2.0734205457,,
551,happy,298,66.0,141.0,4.8738705993,1.0,5.8738705993,,
636,happy,299,154.0,241.0,1.6781304989,1.0,2.6781304989,,
665,angry,300,526.0,95.0,3.4538839522,0.0,3.4538839522,,
841,angry,301,158.0,14.0,2.4207623808,0.0,2.4207623808,,
249,happy,302,436.0,221.0,3.5061258711,1.0,4.5061258711,,
70,neutral,303,689.0,5.0,1.930480374,0.5,2.430480374,,
938,sad,304,52.0,229.0,4.3977766511,0.2,4.5977766511,,
588,sad,305,436.0,467.0,3.6795954363,0.2,3.8795954363,,
755,angry,306,617.0,320.0,4.1511403621,0.0,4.1511403621,,
665,angry,307,571.0,346.0,3.8590932979,0.0,3.8590932979,,
272,neutral,308,561.0,449.0,3.5497636976,0.5,4.0497636976,,
625,angry,309,29.0,7.0,2.5567140477,0.0,2.5567140477,,
499,surprise,310,662.0,318.0,3.0552673396,0.8,3.8552673396,,
896,angry,311,774.0,276.0,3.6941193994,0.0,3.6941193994,,
573,sad,312,483.0,266.0,1.165874674,0.2,1.365874674,,
757,surprise,313,183.0,270.0,3.9026410587,0.8,4.7026410587,,
382,surprise,314,17.0,411.0,3.5803047152,0.8,4.3803047152,,
454,happy,315,646.0,122.0,2.6404103928,1.0,3.6404103928,,
717,surprise,316,143.0,202.0,1.9400096022,0.8,2.7400096022,,
48,surprise,317,559.0,401.0,4.9982288181,0.8,5.7982288181,,
157,surprise,318,94.0,300.0,3.4033946199,0.8,4.2033946199,,
410,happy,319,356.0,116.0,4.2847635154,1.0,5.2847635154,,
701,angry,320,153.0,450.0,3.6098968657,0.0,3.6098968657,,
164,sad,321,644.0,129.0,3.3467290705,0.2,3.5467290705,,
487,happy,322,43.0,470.0,4.9869964066,1.0,5.9869964066,,
535,sad,323,112.0,58.0,3.0853004502,0.2,3.2853004502,,
880,neutral,324,725.0,205.0,4.0235313025,0.5,4.5235313025,,
226,surprise,325,157.0,306.0,2.2150101379,0.8,3.0150101379,,
724,neutral,326,281.0,84.0,3.4281663143,0.5,3.9281663143,,
775,happy,327,245.0,78.0,2.3354271175,1.0,3.3354271175,,
662,surprise,328,100.0,196.0,3.2903106179,0.8,4.0903106179,,
881,happy,329,480.0,24.0,3.5874632543,1.0,4.5874632543,,
787,angry,330,550.0,405.0,2.4813773976,0.0,2.4813773976,,
999,happy,331,247.0,46.0,1.8939895359,1.0,2.8939895359,,
618,sad,332,630.0,173.0,1.9752710438,0.2,2.1752710438,,
559,angry,333,237.0,52.0,4.4633687351,0.0,4.4633687351,,
708,angry,334,430.0,16.0,1.4656775656,0.0,1.4656775656,,
217,neutral,335,299.0,76.0,1.3832777371,0.5,1.8832777371,,
572,neutral,336,491.0,218.0,3.7638388601,0.5,4.2638388601,,
957,surprise,337,383.0,469.0,3.6603970714,0.8,4.4603970714,,
608,angry,338,761.0,424.0,3.3292558826,0.0,3.3292558826,,
895,neutral,339,646.0,259.0,4.4138619534,0.5,4.9138619534,,
711,surprise,340,752.0,124.0,2.2905838545,0.8,3.0905838545,,
281,sad,341,791.0,424.0,2.3624390672,0.2,2.5624390672,,
98,surprise,342,440.0,330.0,1.3966604844,0.8,2.1966604844,,
643,happy,343,660.0,145.0,3.9425244853,1.0,4.9425244853,,
364,sad,344,90.0,37.0,3.0969591425,0.2,3.2969591425,,
251,happy,345,732.0,169.0,1.3528174955,1.0,2.3528174955,,
253,angry,346,284.0,484.0,1.3927845999,0.0,1.3927845999,,
417,sad,347,705.0,370.0,3.1600438049,0.2,3.3600438049,,
441,happy,348,315.0,195.0,4.0123397259,1.0,5.0123397259,,
1,angry,349,779.0,365.0,1.7251227921,0.0,1.7251227921,,
407,happy,350,280.0,351.0,2.2037930085,1.0,3.2037930085,,
711,surprise,351,142.0,459.0,3.1248045789,0.8,3.9248045789,,
914,sad,352,481.0,133.0,1.4021565589,0.2,1.6021565589,,
275,neutral,353,401.0,411.0,3.6540356894,0.5,4.1540356894,,
245,sad,354,566.0,423.0,3.2729815888,0.2,3.4729815888,,
156,sad,355,448.0,369.0,3.9346891368,0.2,4.1346891368,,
937,happy,356,479.0,326.0,3.4006829271,1.0,4.4006829271,,
368,neutral,357,481.0,384.0,4.8729190673,0.5,5.3729190673,,
927,neutral,358,366.0,160.0,3.9614371024,0.5,4.4614371024,,
510,surprise,359,746.0,389.0,2.5663791086,0.8,3.3663791086,,
716,happy,360,25.0,189.0,1.2203958626,1.0,2.2203958626,,
155,sad,361,557.0,227.0,2.8257117839,0.2,3.0257117839,,
88,angry,362,649.0,339.0,4.8150833295,0.0,4.8150833295,,
729,angry,363,404.0,376.0,3.1417496599,0.0,3.1417496599,,
99,surprise,364,361.0,363.0,4.2790592203,0.8,5.0790592203,,
344,angry,365,489.0,199.0,1.4491045493,0.0,1.4491045493,,
72,happy,366,395.0,66.0,1.5309163505,1.0,2.5309163505,,
345,angry,367,195.0,326.0,2.7716316188,0.0,2.7716316188,,
679,surprise,368,655.0,221.0,4.5609618634,0.8,5.3609618634,,
101,surprise,369,299.0,236.0,2.7194561761,0.8,3.5194561761,,
421,sad,370,266.0,470.0,3.6115885081,0.2,3.8115885081,,
156,sad,371,566.0,423.0,3.3741487951,0.2,3.5741487951,,
763,angry,372,589.0,2.0,4.7891455978,0.0,4.7891455978,,
230,angry,373,344.0,7.0,4.7442307695,0.0,4.7442307695,,
332,neutral,374,38.0,119.0,4.930812927,0.5,5.430812927,,
302,happy,375,63.0,235.0,2.5872278511,1.0,3.5872278511,,
18,neutral,376,617.0,493.0,3.504282166,0.5,4.004282166,,
798,angry,377,63.0,426.0,4.932453224,0.0,4.932453224,,
792,angry,378,407.0,271.0,2.571159179,0.0,2.571159179,,
598,neutral,379,181.0,248.0,2.8298046818,0.5,3.3298046818,,
122,neutral,380,314.0,54.0,4.2076508756,0.5,4.7076508756,,
96,neutral,381,632.0,357.0,2.2351215419,0.5,2.7351215419,,
132,surprise,382,114.0,458.0,3.5099704632,0.8,4.3099704632,,
430,neutral,383,741.0,81.0,4.3390880359,0.5,4.8390880359,,
173,angry,384,730.0,287.0,4.1089191728,0.0,4.1089191728,,
58,sad,385,641.0,308.0,1.7797111211,0.2,1.9797111211,,
997,sad,386,536.0,401.0,1.2908061171,0.2,1.4908061171,,
82,surprise,387,223.0,72.0,1.33297239,0.8,2.13297239,,
859,happy,388,676.0,358.0,3.8873361104,1.0,4.8873361104,,
198,angry,389,621.0,233.0,1.8003940487,0.0,1.8003940487,,
307,happy,390,488.0,314.0,4.0589117419,1.0,5.0589117419,,
395,angry,391,656.0,494.0,1.5866187283,0.0,1.5866187283,,
265,neutral,392,166.0,222.0,3.7634210498,0.5,4.2634210498,,
995,surprise,393,475.0,162.0,4.5813632673,0.8,5.3813632673,,
332,neutral,394,243.0,30.0,1.4923204674,0.5,1.9923204674,,
529,angry,395,459.0,122.0,1.3191945072,0.0,1.3191945072,,
962,angry,396,329.0,478.0,3.5358163949,0.0,3.5358163949,,
590,sad,397,411.0,216.0,3.6652283987,0.2,3.8652283987,,
168,sad,398,406.0,483.0,3.7633680651,0.2,3.9633680651,,
410,happy,399,197.0,132.0,1.8985238079,1.0,2.8985238079,,
934,happy,400,128.0,113.0,2.9332212886,1.0,3.9332212886,,
714,sad,401,650.0,443.0,3.144240609,0.2,3.344240609,,
147,angry,402,757.0,302.0,1.2769818916,0.0,1.2769818916,,
690,sad,403,81.0,169.0,4.2661469453,0.2,4.4661469453,,
899,sad,404,331.0,392.0,3.6573070442,0.2,3.8573070442,,
557,sad,405,458.0,320.0,4.2970248529,0.2,4.4970248529,,
470,happy,406,256.0,320.0,4.9813115528,1.0,5.9813115528,,
60,sad,407,345.0,36.0,4.5367014966,0.2,4.7367014966,,
70,neutral,408,456.0,413.0,4.7798307822,0.5,5.2798307822,,
320,neutral,409,734.0,145.0,4.3082221784,0.5,4.8082221784,,
888,neutral,410,692.0,334.0,3.2803419585,0.5,3.7803419585,,
435,happy,411,462.0,106.0,2.9974377677,1.0,3.9974377677,,
368,neutral,412,369.0,261.0,2.0241839919,0.5,2.5241839919,,
225,happy,413,30.0,391.0,4.9444794937,1.0,5.9444794937,,
865,angry,414,197.0,378.0,1.7112994765,0.0,1.7112994765,,
579,happy,415,577.0,296.0,1.3992211647,1.0,2.3992211647,,
524,angry,416,618.0,91.0,1.1448565969,0.0,1.1448565969,,
993,angry,417,743.0,338.0,3.7708270913,0.0,3.7708270913,,
368,neutral,418,315.0,450.0,3.4459879428,0.5,3.9459879428,,
889,angry,419,775.0,292.0,2.9052240509,0.0,2.9052240509,,
922,happy,420,669.0,424.0,4.7238811388,1.0,5.7238811388,,
775,happy,421,21.0,291.0,2.1399109251,1.0,3.1399109251,,
118,happy,422,494.0,267.0,1.4425886555,1.0,2.4425886555,,
534,happy,423,577.0,363.0,4.0798364961,1.0,5.0798364961,,
652,surprise,424,648.0,239.0,2.0332377344,0.8,2.8332377344,,
801,neutral,425,556.0,27.0,2.9136765374,0.5,3.4136765374,,
38,surprise,426,60.0,405.0,1.666559841,0.8,2.466559841,,
287,surprise,427,152.0,94.0,2.4352569452,0.8,3.2352569452,,
747,neutral,428,633.0,147.0,3.5828179435,0.5,4.0828179435,,
570,sad,429,22.0,316.0,1.5480100774,0.2,1.7480100774,,
949,sad,430,99.0,181.0,2.9687702407,0.2,3.1687702407,,
952,sad,431,600.0,283.0,2.1486268025,0.2,2.3486268025,,
100,neutral,432,435.0,487.0,4.5462984545,0.5,5.0462984545,,
306,surprise,433,698.0,291.0,2.8561587283,0.8,3.6561587283,,
838,angry,434,611.0,463.0,2.3901340133,0.0,2.3901340133,,
238,neutral,435,416.0,462.0,2.5391436808,0.5,3.0391436808,,
902,sad,436,293.0,404.0,2.8224635221,0.2,3.0224635221,,
970,angry,437,663.0,232.0,3.8835227825,0.0,3.8835227825,,
552,surprise,438,545.0,476.0,1.6891860982,0.8,2.4891860982,,
474,happy,439,676.0,186.0,1.4439988045,1.0,2.4439988045,,
360,surprise,440,310.0,312.0,4.336735855,0.8,5.136735855,,
501,surprise,441,565.0,471.0,1.2038906503,0.8,2.0038906503,,
181,angry,442,390.0,81.0,3.7490758173,0.0,3.7490758173,,
990,happy,443,215.0,75.0,3.9021536368,1.0,4.9021536368,,
862,sad,444,130.0,353.0,2.0241473356,0.2,2.2241473356,,
71,neutral,445,289.0,381.0,4.5896983675,0.5,5.0896983675,,
452,sad,446,161.0,33.0,2.2359163653,0.2,2.4359163653,,
282,surprise,447,610.0,48.0,3.68652163,0.8,4.48652163,,
606,surprise,448,134.0,205.0,3.0348188087,0.8,3.8348188087,,
840,angry,449,656.0,250.0,4.9734191256,0.0,4.9734191256,,
8,sad,450,271.0,424.0,3.51478594,0.2,3.71478594,,
861,surprise,451,661.0,228.0,3.1558684416,0.8,3.9558684416,,
234,sad,452,88.0,225.0,2.7843278507,0.2,2.9843278507,,
313,happy,453,589.0,300.0,2.3712516521,1.0,3.3712516521,,
814,happy,454,213.0,379.0,2.325643593,1.0,3.325643593,,
287,surprise,455,706.0,104.0,1.5912377674,0.8,2.3912377674,,
563,neutral,456,499.0,182.0,2.048498735,0.5,2.548498735,,
77,surprise,457,556.0,193.0,3.7913401485,0.8,4.5913401485,,
553,sad,458,371.0,0.0,2.6872770052,0.2,2.8872770052,,
17,neutral,459,272.0,371.0,1.4988172271,0.5,1.9988172271,,
171,surprise,460,644.0,480.0,2.9218840922,0.8,3.7218840922,,
996,surprise,461,208.0,302.0,4.5325125416,0.8,5.3325125416,,
674,angry,462,421.0,90.0,4.8052812698,0.0,4.8052812698,,
755,angry,463,276.0,238.0,2.1924172301,0.0,2.1924172301,,
630,angry,464,686.0,152.0,4.8786553133,0.0,4.8786553133,,
997,sad,465,472.0,198.0,2.4481320072,0.2,2.6481320072,,
886,neutral,466,742.0,399.0,1.4345123483,0.5,1.9345123483,,
102,angry,467,89.0,498.0,2.4482843415,0.0,2.4482843415,,
682,neutral,468,435.0,188.0,2.004813085,0.5,2.504813085,,
91,surprise,469,60.0,451.0,4.8986455185,0.8,5.6986455185,,
520,sad,470,266.0,52.0,2.8560230205,0.2,3.0560230205,,
221,neutral,471,326.0,239.0,2.2421209072,0.5,2.7421209072,,
891,sad,472,435.0,478.0,1.470306021,0.2,1.670306021,,
131,neutral,473,307.0,355.0,1.5913193763,0.5,2.0913193763,,
104,surprise,474,366.0,151.0,3.5845778389,0.8,4.3845778389,,
902,sad,475,620.0,301.0,4.0476931145,0.2,4.2476931145,,
179,angry,476,675.0,25.0,2.2026996198,0.0,2.2026996198,,
73,sad,477,642.0,431.0,2.3772009148,0.2,2.5772009148,,
64,happy,478,462.0,90.0,4.8798467514,1.0,5.8798467514,,
302,happy,479,14.0,110.0,3.3617748224,1.0,4.3617748224,,
794,angry,480,483.0,439.0,3.3689076343,0.0,3.3689076343,,
466,neutral,481,167.0,337.0,4.5404620221,0.5,5.0404620221,,
185,surprise,482,216.0,109.0,3.8109891491,0.8,4.6109891491,,
902,sad,483,435.0,185.0,1.4960368986,0.2,1.6960368986,,
181,angry,484,616.0,315.0,1.5224519734,0.0,1.5224519734,,
223,sad,485,763.0,281.0,2.4036774551,0.2,2.6036774551,,
125,angry,486,531.0,53.0,2.0932729529,0.0,2.0932729529,,
146,surprise,487,71.0,287.0,2.2444531299,0.8,3.0444531299,,
510,surprise,488,502.0,259.0,3.3766629006,0.8,4.1766629006,,
881,happy,489,515.0,101.0,4.3764306519,1.0,5.3764306519,,
188,neutral,490,434.0,382.0,3.0755843202,0.5,3.5755843202,,
864,surprise,491,581.0,498.0,3.4656279797,0.8,4.2656279797,,
29,surprise,492,714.0,457.0,1.9678616542,0.8,2.7678616542,,
40,neutral,493,202.0,35.0,3.9632220276,0.5,4.4632220276,,
346,surprise,494,611.0,365.0,1.8100573785,0.8,2.6100573785,,
307,happy,495,780.0,332.0,3.3949939297,1.0,4.3949939297,,
237,happy,496,82.0,154.0,4.5360088868,1.0,5.5360088868,,
271,surprise,497,714.0,297.0,1.4645189974,0.8,2.2645189974,,
701,angry,498,223.0,269.0,1.9162927302,0.0,1.9162927302,,
642,happy,499,345.0,0.0,3.8832513805,1.0,4.8832513805,,
701,angry,500,282.0,49.0,2.6258229838,0.0,2.6258229838,,
321,happy,501,585.0,181.0,4.4345589899,1.0,5.4345589899,,
286,surprise,502,401.0,498.0,3.3564614874,0.8,4.1564614874,,
509,angry,503,747.0,339.0,2.7475009835,0.0,2.7475009835,,
422,surprise,504,11.0,64.0,4.8067813555,0.8,5.6067813555,,
609,surprise,505,541.0,114.0,4.6068653516,0.8,5.4068653516,,
673,happy,506,7.0,100.0,3.5885694403,1.0,4.5885694403,,
490,angry,507,178.0,395.0,1.4222530619,0.0,1.4222530619,,
541,neutral,508,515.0,381.0,3.2491531638,0.5,3.7491531638,,
961,surprise,509,645.0,487.0,4.7509893634,0.8,5.5509893634,,
816,neutral,510,71.0,396.0,4.5667710555,0.5,5.0667710555,,
877,neutral,511,454.0,154.0,1.032019463,0.5,1.532019463,,
488,sad,512,175.0,362.0,1.4601909405,0.2,1.6601909405,,
915,surprise,513,298.0,463.0,2.6512183424,0.8,3.4512183424,,
235,angry,514,86.0,287.0,1.8380141363,0.0,1.8380141363,,
81,neutral,515,452.0,426.0,1.2673105331,0.5,1.7673105331,,
918,angry,516,192.0,130.0,4.598241076,0.0,4.598241076,,
230,angry,517,13.0,21.0,4.3130546664,0.0,4.3130546664,,
135,angry,518,288.0,56.0,1.6979109303,0.0,1.6979109303,,
896,angry,519,687.0,64.0,2.9486456251,0.0,2.9486456251,,
109,sad,520,442.0,222.0,4.4635618301,0.2,4.6635618301,,
502,angry,521,282.0,382.0,1.8710855557,0.0,1.8710855557,,
177,sad,522,511.0,325.0,1.4885190742,0.2,1.6885190742,,
271,surprise,523,112.0,64.0,3.1227700338,0.8,3.9227700338,,
338,surprise,524,731.0,98.0,2.7526690807,0.8,3.5526690807,,
441,happy,525,441.0,405.0,1.8414203276,1.0,2.8414203276,,
110,surprise,526,709.0,21.0,3.7604132384,0.8,4.5604132384,,
792,angry,527,470.0,405.0,3.8315142295,0.0,3.8315142295,,
23,neutral,528,722.0,360.0,1.9097776277,0.5,2.4097776277,,
126,surprise,529,698.0,460.0,1.4241185312,0.8,2.2241185312,,
27,happy,530,306.0,215.0,4.5233840432,1.0,5.5233840432,,
860,surprise,531,438.0,125.0,3.5586089669,0.8,4.3586089669,,
959,surprise,532,337.0,123.0,2.4071232053,0.8,3.2071232053,,
666,happy,533,568.0,480.0,3.4492154793,1.0,4.4492154793,,
598,neutral,534,231.0,297.0,4.0910698888,0.5,4.5910698888,,
591,surprise,535,377.0,263.0,4.4310009423,0.8,5.2310009423,,
525,sad,536,584.0,244.0,1.0555062517,0.2,1.2555062517,,
617,happy,537,489.0,499.0,1.8596682573,1.0,2.8596682573,,
59,neutral,538,221.0,451.0,2.0006076894,0.5,2.5006076894,,
342,neutral,539,155.0,302.0,3.4876831748,0.5,3.9876831748,,
268,surprise,540,68.0,233.0,2.7151996547,0.8,3.5151996547,,
519,neutral,541,470.0,427.0,3.0632017094,0.5,3.5632017094,,
138,angry,542,447.0,47.0,2.4606046804,0.0,2.4606046804,,
987,happy,543,573.0,228.0,2.494232855,1.0,3.494232855,,
515,happy,544,476.0,455.0,4.0312595576,1.0,5.0312595576,,
495,happy,545,351.0,339.0,1.3916435221,1.0,2.3916435221,,
949,sad,546,701.0,22.0,2.2440641673,0.2,2.4440641673,,
58,sad,547,65.0,364.0,2.8616115703,0.2,3.0616115703,,
132,surprise,548,487.0,272.0,4.7691409257,0.8,5.5691409257,,
775,happy,549,56.0,254.0,1.5383957168,1.0,2.5383957168,,
728,surprise,550,344.0,231.0,2.5563782685,0.8,3.3563782685,,
810,neutral,551,504.0,469.0,1.8099542068,0.5,2.3099542068,,
363,neutral,552,139.0,450.0,1.2480086626,0.5,1.7480086626,,
357,happy,553,252.0,326.0,4.6535696894,1.0,5.6535696894,,
725,happy,554,455.0,18.0,3.8266276568,1.0,4.8266276568,,
817,angry,555,428.0,437.0,4.443664236,0.0,4.443664236,,
901,sad,556,448.0,43.0,2.1197814654,0.2,2.3197814654,,
479,angry,557,765.0,295.0,3.5789859617,0.0,3.5789859617,,
611,happy,558,195.0,76.0,2.3529132198,1.0,3.3529132198,,
199,angry,559,18.0,10.0,3.9170379465,0.0,3.9170379465,,
978,angry,560,636.0,159.0,4.0019759981,0.0,4.0019759981,,
78,angry,561,160.0,44.0,4.8780976516,0.0,4.8780976516,,
775,happy,562,132.0,240.0,4.8865768851,1.0,5.8865768851,,
623,surprise,563,331.0,116.0,1.3760666431,0.8,2.1760666431,,
820,surprise,564,440.0,404.0,2.8271514984,0.8,3.6271514984,,
880,neutral,565,500.0,68.0,3.9169931826,0.5,4.4169931826,,
422,surprise,566,717.0,92.0,4.2456283154,0.8,5.0456283154,,
433,neutral,567,21.0,180.0,3.4142257316,0.5,3.9142257316,,
262,happy,568,618.0,112.0,2.6999848367,1.0,3.6999848367,,
626,angry,569,415.0,138.0,1.0367158301,0.0,1.0367158301,,
978,angry,570,266.0,248.0,1.7812513467,0.0,1.7812513467,,
321,happy,571,462.0,421.0,4.4153034187,1.0,5.4153034187,,
606,surprise,572,749.0,428.0,2.4610460596,0.8,3.2610460596,,
641,happy,573,308.0,246.0,2.5343507859,1.0,3.5343507859,,
764,sad,574,764.0,277.0,2.2651088968,0.2,2.4651088968,,
699,sad,575,150.0,303.0,1.5978164282,0.2,1.7978164282,,
932,angry,576,547.0,494.0,4.9313653837,0.0,4.9313653837,,
472,angry,577,517.0,75.0,4.4871215495,0.0,4.4871215495,,
938,sad,578,439.0,228.0,1.2794983213,0.2,1.4794983213,,
161,angry,579,376.0,259.0,2.7927978382,0.0,2.7927978382,,
38,surprise,580,465.0,269.0,1.9491799072,0.8,2.7491799072,,
983,surprise,581,166.0,64.0,1.9347150465,0.8,2.7347150465,,
788,angry,582,290.0,370.0,1.8085996989,0.0,1.8085996989,,
213,surprise,583,584.0,386.0,4.8420109686,0.8,5.6420109686,,
648,angry,584,121.0,134.0,4.9017016266,0.0,4.9017016266,,
256,neutral,585,214.0,225.0,1.3622521608,0.5,1.8622521608,,
435,happy,586,322.0,408.0,3.7003253116,1.0,4.7003253116,,
804,neutral,587,412.0,249.0,4.1972236742,0.5,4.6972236742,,
513,angry,588,297.0,302.0,3.9249071884,0.0,3.9249071884,,
147,angry,589,744.0,175.0,1.3939834028,0.0,1.3939834028,,
966,surprise,590,535.0,265.0,4.8409912081,0.8,5.6409912081,,
333,angry,591,786.0,492.0,1.8939626028,0.0,1.8939626028,,
216,surprise,592,507.0,226.0,3.2050331922,0.8,4.0050331922,,
396,surprise,593,385.0,60.0,1.5265014271,0.8,2.3265014271,,
386,neutral,594,668.0,339.0,4.5484583957,0.5,5.0484583957,,
313,happy,595,280.0,481.0,1.3175101388,1.0,2.3175101388,,
74,happy,596,138.0,291.0,2.1884969935,1.0,3.1884969935,,
538,happy,597,43.0,37.0,3.0173487726,1.0,4.0173487726,,
527,happy,598,726.0,109.0,3.3398011158,1.0,4.3398011158,,
219,happy,599,54.0,152.0,4.6649339632,1.0,5.6649339632,,
174,neutral,600,499.0,462.0,2.6821663125,0.5,3.1821663125,,
70,neutral,601,295.0,441.0,4.9893424485,0.5,5.4893424485,,
500,happy,602,413.0,51.0,4.2126001316,1.0,5.2126001316,,
755,angry,603,546.0,409.0,1.2779840091,0.0,1.2779840091,,
275,neutral,604,102.0,63.0,1.2743832583,0.5,1.7743832583,,
876,surprise,605,335.0,43.0,2.0746886944,0.8,2.8746886944,,
67,neutral,606,301.0,350.0,3.2988833896,0.5,3.7988833896,,
144,angry,607,578.0,50.0,1.2723543148,0.0,1.2723543148,,
911,neutral,608,653.0,466.0,4.4959507821,0.5,4.9959507821,,
654,happy,609,110.0,391.0,1.8133924849,1.0,2.8133924849,,
867,happy,610,593.0,240.0,4.6936945383,1.0,5.6936945383,,
825,sad,611,715.0,441.0,1.0737776045,0.2,1.2737776045,,
45,neutral,612,111.0,10.0,4.6461500374,0.5,5.1461500374,,
58,sad,613,736.0,268.0,1.0905286621,0.2,1.2905286621,,
699,sad,614,534.0,461.0,1.0400957955,0.2,1.2400957955,,
369,angry,615,744.0,269.0,1.3010798742,0.0,1.3010798742,,
168,sad,616,326.0,499.0,3.490510587,0.2,3.690510587,,
831,surprise,617,566.0,14.0,3.7263713436,0.8,4.5263713436,,
92,surprise,618,511.0,12.0,1.165458639,0.8,1.965458639,,
866,angry,619,479.0,9.0,2.3143027757,0.0,2.3143027757,,
285,sad,620,611.0,363.0,4.4780852229,0.2,4.6780852229,,
66,sad,621,700.0,253.0,1.2207132209,0.2,1.4207132209,,
366,neutral,622,486.0,82.0,2.0662104664,0.5,2.5662104664,,
338,surprise,623,210.0,427.0,3.2182835509,0.8,4.0182835509,,
913,sad,624,686.0,444.0,2.579954788,0.2,2.779954788,,
325,surprise,625,520.0,253.0,4.5761242937,0.8,5.3761242937,,
397,sad,626,236.0,126.0,3.8374403873,0.2,4.0374403873,,
923,surprise,627,226.0,179.0,2.4573560013,0.8,3.2573560013,,
657,happy,628,122.0,51.0,2.3680114461,1.0,3.3680114461,,
126,surprise,629,32.0,441.0,4.9886490771,0.8,5.7886490771,,
892,neutral,630,487.0,13.0,2.1503872574,0.5,2.6503872574,,
213,surprise,631,245.0,488.0,4.2936805228,0.8,5.0936805228,,
534,happy,632,17.0,211.0,1.0738356303,1.0,2.0738356303,,
601,neutral,633,729.0,346.0,3.1180245516,0.5,3.6180245516,,
587,neutral,634,782.0,92.0,3.3033634292,0.5,3.8033634292,,
757,surprise,635,302.0,47.0,1.8121752286,0.8,2.6121752286,,
653,surprise,636,746.0,88.0,4.4101679919,0.8,5.2101679919,,
935,happy,637,100.0,140.0,4.0721957733,1.0,5.0721957733,,
165,happy,638,96.0,122.0,1.6616355487,1.0,2.6616355487,,
785,sad,639,111.0,65.0,3.5117381307,0.2,3.7117381307,,
456,neutral,640,548.0,351.0,1.7561787374,0.5,2.2561787374,,
291,sad,641,34.0,229.0,1.192555882,0.2,1.392555882,,
32,sad,642,757.0,75.0,4.7294262641,0.2,4.9294262641,,
528,angry,643,295.0,392.0,1.1530085263,0.0,1.1530085263,,
945,happy,644,273.0,267.0,4.5882756361,1.0,5.5882756361,,
852,happy,645,546.0,169.0,3.2821611054,1.0,4.2821611054,,
338,surprise,646,782.0,463.0,2.1166051824,0.8,2.9166051824,,
105,happy,647,471.0,146.0,3.9626109234,1.0,4.9626109234,,
186,sad,648,768.0,87.0,1.9255876605,0.2,2.1255876605,,
837,angry,649,798.0,121.0,3.3909113433,0.0,3.3909113433,,
851,neutral,650,95.0,127.0,2.5343922507,0.5,3.0343922507,,
797,angry,651,423.0,121.0,4.526052456,0.0,4.526052456,,
268,surprise,652,617.0,386.0,2.58568921,0.8,3.38568921,,
598,neutral,653,704.0,104.0,2.0238432442,0.5,2.5238432442,,
224,surprise,654,229.0,439.0,3.77501125,0.8,4.57501125,,
398,happy,655,371.0,241.0,4.2819527936,1.0,5.2819527936,,
940,surprise,656,436.0,178.0,1.9630490268,0.8,2.7630490268,,
42,surprise,657,633.0,487.0,1.9499020432,0.8,2.7499020432,,
931,happy,658,594.0,497.0,4.3134371166,1.0,5.3134371166,,
806,surprise,659,216.0,420.0,1.4246776256,0.8,2.2246776256,,
544,surprise,660,496.0,293.0,1.6173818635,0.8,2.4173818635,,
316,neutral,661,16.0,229.0,3.3974414974,0.5,3.8974414974,,
108,angry,662,455.0,42.0,3.9250231218,0.0,3.9250231218,,
666,happy,663,34.0,62.0,4.7144575663,1.0,5.7144575663,,
288,surprise,664,651.0,414.0,1.797986305,0.8,2.597986305,,
724,neutral,665,274.0,464.0,4.9752349828,0.5,5.4752349828,,
351,angry,666,337.0,497.0,2.6046443584,0.0,2.6046443584,,
244,neutral,667,682.0,231.0,4.3906093857,0.5,4.8906093857,,
585,sad,668,274.0,252.0,3.4249707242,0.2,3.6249707242,,
597,angry,669,47.0,472.0,2.7449177689,0.0,2.7449177689,,
832,happy,670,730.0,180.0,2.4095315336,1.0,3.4095315336,,
224,surprise,671,748.0,239.0,3.3870096723,0.8,4.1870096723,,
300,neutral,672,513.0,421.0,1.6524522325,0.5,2.1524522325,,
520,sad,673,627.0,252.0,1.6018252917,0.2,1.8018252917,,
906,surprise,674,62.0,182.0,1.1811767624,0.8,1.9811767624,,
290,surprise,675,645.0,361.0,3.7002655446,0.8,4.5002655446,,
496,neutral,676,706.0,273.0,4.3735347134,0.5,4.8735347134,,
770,happy,677,104.0,11.0,1.2981353424,1.0,2.2981353424,,
707,neutral,678,620.0,305.0,1.2960772877,0.5,1.7960772877,,
568,sad,679,123.0,288.0,3.8818298725,0.2,4.0818298725,,
366,neutral,680,44.0,483.0,4.5041377358,0.5,5.0041377358,,
674,angry,681,141.0,363.0,4.2799515837,0.0,4.2799515837,,
31,sad,682,315.0,270.0,4.986997684,0.2,5.186997684,,
711,surprise,683,758.0,135.0,2.4342298036,0.8,3.2342298036,,
55,sad,684,206.0,52.0,4.1854538103,0.2,4.3854538103,,
556,neutral,685,614.0,37.0,4.0082202241,0.5,4.5082202241,,
493,surprise,686,288.0,54.0,4.7833619625,0.8,5.5833619625,,
785,sad,687,322.0,485.0,1.253585701,0.2,1.453585701,,
583,angry,688,308.0,228.0,1.2867566881,0.0,1.2867566881,,
226,surprise,689,487.0,434.0,2.4598407932,0.8,3.2598407932,,
56,sad,690,314.0,320.0,2.8425242313,0.2,3.0425242313,,
418,neutral,691,286.0,101.0,2.4545834195,0.5,2.9545834195,,
314,neutral,692,345.0,92.0,1.2575274113,0.5,1.7575274113,,
154,angry,693,23.0,262.0,2.1852257033,0.0,2.1852257033,,
880,neutral,694,776.0,489.0,2.3648618061,0.5,2.8648618061,,
601,neutral,695,394.0,360.0,3.6653481955,0.5,4.1653481955,,
307,happy,696,643.0,96.0,4.8180959383,1.0,5.8180959383,,
549,sad,697,227.0,230.0,2.0442195153,0.2,2.2442195153,,
127,angry,698,392.0,464.0,4.3026662184,0.0,4.3026662184,,
750,happy,699,570.0,413.0,4.6450865634,1.0,5.6450865634,,
939,angry,700,562.0,441.0,4.5657822139,0.0,4.5657822139,,
32,sad,701,510.0,79.0,4.8780973474,0.2,5.0780973474,,
989,sad,702,236.0,142.0,1.2721598761,0.2,1.4721598761,,
326,angry,703,494.0,276.0,3.5821741656,0.0,3.5821741656,,
405,sad,704,403.0,229.0,2.2819994323,0.2,2.4819994323,,
478,angry,705,216.0,34.0,1.3139600412,0.0,1.3139600412,,
619,happy,706,691.0,249.0,4.899251884,1.0,5.899251884,,
772,angry,707,606.0,273.0,3.3152454915,0.0,3.3152454915,,
113,sad,708,187.0,82.0,2.7002812355,0.2,2.9002812355,,
733,angry,709,572.0,326.0,4.933063974,0.0,4.933063974,,
856,neutral,710,776.0,228.0,4.7633389565,0.5,5.2633389565,,
37,angry,711,410.0,254.0,1.7253022023,0.0,1.7253022023,,
298,happy,712,23.0,364.0,2.8637361948,1.0,3.8637361948,,
243,happy,713,463.0,172.0,4.5702585014,1.0,5.5702585014,,
409,angry,714,607.0,319.0,2.2209785011,0.0,2.2209785011,,
805,angry,715,772.0,205.0,4.2982809518,0.0,4.2982809518,,
12,sad,716,346.0,265.0,2.1757449469,0.2,2.3757449469,,
426,angry,717,651.0,268.0,3.4665602254,0.0,3.4665602254,,
807,sad,718,42.0,151.0,2.2922884268,0.2,2.4922884268,,
952,sad,719,73.0,35.0,3.3089451831,0.2,3.5089451831,,
80,surprise,720,339.0,7.0,4.3580705418,0.8,5.1580705418,,
653,surprise,721,600.0,216.0,3.4648291775,0.8,4.2648291775,,
214,angry,722,74.0,96.0,3.010414042,0.0,3.010414042,,
37,angry,723,215.0,396.0,2.0373886335,0.0,2.0373886335,,
608,angry,724,534.0,91.0,1.6903109812,0.0,1.6903109812,,
482,happy,725,608.0,246.0,4.4180036264,1.0,5.4180036264,,
487,happy,726,94.0,148.0,1.3542831883,1.0,2.3542831883,,
655,neutral,727,751.0,301.0,2.2534669825,0.5,2.7534669825,,
828,neutral,728,503.0,428.0,1.205751811,0.5,1.705751811,,
835,neutral,729,157.0,51.0,3.7818295573,0.5,4.2818295573,,
312,sad,730,284.0,188.0,4.0601182838,0.2,4.2601182838,,
679,surprise,731,308.0,263.0,2.7961098394,0.8,3.5961098394,,
895,neutral,732,368.0,27.0,4.1184393582,0.5,4.6184393582,,
347,surprise,733,8.0,156.0,1.0901289801,0.8,1.8901289801,,
332,neutral,734,130.0,40.0,4.5296654661,0.5,5.0296654661,,
706,surprise,735,189.0,225.0,1.2785310323,0.8,2.0785310323,,
756,neutral,736,238.0,330.0,2.3781580309,0.5,2.8781580309,,
273,neutral,737,292.0,314.0,1.254815758,0.5,1.754815758,,
765,surprise,738,439.0,386.0,4.5080381646,0.8,5.3080381646,,
960,angry,739,656.0,82.0,2.2690908321,0.0,2.2690908321,,
81,neutral,740,613.0,381.0,2.7391714397,0.5,3.2391714397,,
129,angry,741,603.0,487.0,4.1452033338,0.0,4.1452033338,,
813,happy,742,196.0,378.0,2.6210647401,1.0,3.6210647401,,
497,happy,743,175.0,200.0,1.4581924605,1.0,2.4581924605,,
937,happy,744,343.0,443.0,3.9242347764,1.0,4.9242347764,,
207,neutral,745,455.0,152.0,3.3406583721,0.5,3.8406583721,,
939,angry,746,601.0,119.0,4.507764871,0.0,4.507764871,,
530,angry,747,680.0,262.0,4.0046028298,0.0,4.0046028298,,
943,neutral,748,23.0,411.0,1.6488094672,0.5,2.1488094672,,
718,sad,749,587.0,340.0,4.1585139779,0.2,4.3585139779,,
854,angry,750,120.0,268.0,4.2299061834,0.0,4.2299061834,,
422,surprise,751,397.0,237.0,1.2934801856,0.8,2.0934801856,,
295,neutral,752,262.0,312.0,3.2259150653,0.5,3.7259150653,,
526,happy,753,203.0,211.0,2.3243948863,1.0,3.3243948863,,
823,sad,754,88.0,249.0,3.2441118953,0.2,3.4441118953,,
894,sad,755,231.0,191.0,2.3629810407,0.2,2.5629810407,,
852,happy,756,339.0,244.0,4.1962765721,1.0,5.1962765721,,
593,happy,757,491.0,26.0,1.4164913699,1.0,2.4164913699,,
374,surprise,758,192.0,143.0,4.4025257913,0.8,5.2025257913,,
958,neutral,759,82.0,140.0,2.2978504331,0.5,2.7978504331,,
495,happy,760,170.0,490.0,1.9499512361,1.0,2.9499512361,,
56,sad,761,406.0,197.0,1.9162406137,0.2,2.1162406137,,
791,happy,762,709.0,399.0,1.7479292738,1.0,2.7479292738,,
141,neutral,763,468.0,323.0,1.2284218328,0.5,1.7284218328,,
329,happy,764,541.0,468.0,1.3493051595,1.0,2.3493051595,,
595,sad,765,545.0,63.0,3.1979745192,0.2,3.3979745192,,
689,angry,766,431.0,492.0,2.6929607524,0.0,2.6929607524,,
287,surprise,767,198.0,108.0,2.0547483135,0.8,2.8547483135,,
79,neutral,768,117.0,26.0,1.5933865803,0.5,2.0933865803,,
622,surprise,769,687.0,322.0,2.1492476715,0.8,2.9492476715,,
314,neutral,770,306.0,395.0,4.2909465927,0.5,4.7909465927,,
793,surprise,771,124.0,90.0,2.4294930961,0.8,3.2294930961,,
780,surprise,772,250.0,161.0,1.5212085992,0.8,2.3212085992,,
410,happy,773,364.0,93.0,3.5099364795,1.0,4.5099364795,,
443,neutral,774,631.0,312.0,4.6410742746,0.5,5.1410742746,,
913,sad,775,446.0,217.0,3.9174207995,0.2,4.1174207995,,
553,sad,776,251.0,96.0,1.5781273017,0.2,1.7781273017,,
190,neutral,777,745.0,77.0,3.2409516837,0.5,3.7409516837,,
786,surprise,778,563.0,105.0,2.5723780383,0.8,3.3723780383,,
769,sad,779,86.0,379.0,3.3654478588,0.2,3.5654478588,,
450,angry,780,206.0,121.0,4.84176026,0.0,4.84176026,,
292,neutral,781,714.0,323.0,3.899549786,0.5,4.399549786,,
561,surprise,782,162.0,420.0,1.0569599033,0.8,1.8569599033,,
587,neutral,783,535.0,300.0,2.7182736154,0.5,3.2182736154,,
434,surprise,784,53.0,377.0,1.2991385087,0.8,2.0991385087,,
659,surprise,785,33.0,348.0,3.9911334976,0.8,4.7911334976,,
825,sad,786,223.0,410.0,2.3978231246,0.2,2.5978231246,,
203,sad,787,403.0,56.0,4.1685214256,0.2,4.3685214256,,
241,happy,788,732.0,485.0,1.8518482489,1.0,2.8518482489,,
280,sad,789,615.0,494.0,1.2421056453,0.2,1.4421056453,,
510,surprise,790,36.0,327.0,3.1470161817,0.8,3.9470161817,,
682,neutral,791,90.0,340.0,3.016522894,0.5,3.516522894,,
654,happy,792,91.0,322.0,1.2426862778,1.0,2.2426862778,,
978,angry,793,209.0,146.0,2.7263224106,0.0,2.7263224106,,
640,sad,794,405.0,254.0,1.4698513998,0.2,1.6698513998,,
883,surprise,795,401.0,81.0,4.4219431731,0.8,5.2219431731,,
43,surprise,796,135.0,347.0,4.3725434121,0.8,5.1725434121,,
41,happy,797,440.0,76.0,1.2377465479,1.0,2.2377465479,,
282,surprise,798,436.0,86.0,3.222915084,0.8,4.022915084,,
484,surprise,799,743.0,442.0,3.7944982668,0.8,4.5944982668,,
792,angry,800,715.0,242.0,1.6072163137,0.0,1.6072163137,,
889,angry,801,569.0,333.0,4.8258426326,0.0,4.8258426326,,
66,sad,802,637.0,224.0,4.2617876883,0.2,4.4617876883,,
580,neutral,803,42.0,23.0,2.4361520911,0.5,2.9361520911,,
897,happy,804,556.0,308.0,3.9570415,1.0,4.9570415,,
163,surprise,805,31.0,461.0,3.450795617,0.8,4.250795617,,
892,neutral,806,90.0,338.0,4.6245496423,0.5,5.1245496423,,
291,sad,807,440.0,50.0,2.8107957794,0.2,3.0107957794,,
675,surprise,808,227.0,384.0,4.4147503259,0.8,5.2147503259,,
552,surprise,809,56.0,22.0,3.165272479,0.8,3.965272479,,
178,neutral,810,246.0,368.0,4.231716584,0.5,4.731716584,,
164,sad,811,756.0,163.0,2.8302492772,0.2,3.0302492772,,
859,happy,812,793.0,306.0,4.4378662109,1.0,5.4378662109,,
596,happy,813,231.0,70.0,1.54370427,1.0,2.54370427,,
326,angry,814,522.0,245.0,1.4567681103,0.0,1.4567681103,,
123,happy,815,542.0,128.0,3.6193948134,1.0,4.6193948134,,
788,angry,816,425.0,29.0,1.6885236068,0.0,1.6885236068,,
842,angry,817,181.0,2.0,3.8904851108,0.0,3.8904851108,,
546,neutral,818,66.0,142.0,4.3119966767,0.5,4.8119966767,,
928,surprise,819,428.0,141.0,3.9032669302,0.8,4.7032669302,,
157,surprise,820,579.0,490.0,3.0826516559,0.8,3.8826516559,,
127,angry,821,783.0,473.0,3.0463995911,0.0,3.0463995911,,
346,surprise,822,46.0,268.0,3.4449610331,0.8,4.2449610331,,
791,happy,823,540.0,347.0,4.1075158687,1.0,5.1075158687,,
309,surprise,824,6.0,390.0,3.3119222076,0.8,4.1119222076,,
308,surprise,825,254.0,329.0,3.3263917664,0.8,4.1263917664,,
550,sad,826,155.0,163.0,3.3168169627,0.2,3.5168169627,,
692,sad,827,115.0,122.0,1.6594107939,0.2,1.8594107939,,
251,happy,828,468.0,432.0,1.4692423207,1.0,2.4692423207,,
778,angry,829,312.0,422.0,2.2654105962,0.0,2.2654105962,,
394,sad,830,190.0,463.0,1.7674199023,0.2,1.9674199023,,
347,surprise,831,136.0,303.0,2.3775340369,0.8,3.1775340369,,
465,surprise,832,757.0,110.0,1.0104633669,0.8,1.8104633669,,
396,surprise,833,8.0,449.0,4.1965687952,0.8,4.9965687952,,
343,neutral,834,545.0,49.0,4.0487834011,0.5,4.5487834011,,
334,sad,835,497.0,61.0,3.7992988273,0.2,3.9992988273,,
50,surprise,836,233.0,318.0,2.7335674899,0.8,3.5335674899,,
43,surprise,837,563.0,163.0,2.8675280666,0.8,3.6675280666,,
924,happy,838,343.0,91.0,2.3411782927,1.0,3.3411782927,,
685,happy,839,678.0,376.0,4.2404948007,1.0,5.2404948007,,
217,neutral,840,459.0,288.0,4.6898804815,0.5,5.1898804815,,
231,happy,841,571.0,272.0,4.9250735876,1.0,5.9250735876,,
925,surprise,842,97.0,244.0,3.9987154555,0.8,4.7987154555,,
362,angry,843,459.0,321.0,3.8780424453,0.0,3.8780424453,,
235,angry,844,682.0,29.0,1.2178522081,0.0,1.2178522081,,
60,sad,845,95.0,267.0,4.7927915819,0.2,4.9927915819,,
883,surprise,846,1.0,0.0,3.817764578,0.8,4.617764578,,
580,neutral,847,381.0,214.0,2.428911468,0.5,2.928911468,,
18,neutral,848,44.0,346.0,2.7825758508,0.5,3.2825758508,,
309,surprise,849,315.0,1.0,1.2964686807,0.8,2.0964686807,,
380,surprise,850,180.0,374.0,2.1157323026,0.8,2.9157323026,,
910,happy,851,678.0,206.0,4.036195517,1.0,5.036195517,,
907,surprise,852,283.0,393.0,4.8428557863,0.8,5.6428557863,,
665,angry,853,524.0,324.0,3.2101882152,0.0,3.2101882152,,
453,happy,854,151.0,176.0,3.8268623689,1.0,4.8268623689,,
63,happy,855,88.0,489.0,4.2866851473,1.0,5.2866851473,,
76,neutral,856,281.0,55.0,1.9590021855,0.5,2.4590021855,,
590,sad,857,264.0,226.0,1.0574266673,0.2,1.2574266673,,
321,happy,858,414.0,66.0,3.5259776168,1.0,4.5259776168,,
371,happy,859,182.0,500.0,2.4205824331,1.0,3.4205824331,,
741,angry,860,654.0,176.0,1.3463623686,0.0,1.3463623686,,
248,surprise,861,609.0,103.0,2.8298538066,0.8,3.6298538066,,
148,angry,862,759.0,19.0,4.2549802509,0.0,4.2549802509,,
308,surprise,863,460.0,70.0,4.3507518781,0.8,5.1507518781,,
696,happy,864,239.0,43.0,3.6550188421,1.0,4.6550188421,,
402,surprise,865,356.0,154.0,1.9853172736,0.8,2.7853172736,,
685,happy,866,150.0,67.0,1.1623458617,1.0,2.1623458617,,
481,neutral,867,715.0,436.0,1.7558485937,0.5,2.2558485937,,
147,angry,868,70.0,463.0,4.6642050338,0.0,4.6642050338,,
671,neutral,869,372.0,191.0,2.5695543879,0.5,3.0695543879,,
892,neutral,870,490.0,161.0,3.3511188958,0.5,3.8511188958,,
685,happy,871,299.0,27.0,2.9621412991,1.0,3.9621412991,,
994,happy,872,186.0,398.0,2.9368912536,1.0,3.9368912536,,
884,happy,873,258.0,65.0,3.3272162324,1.0,4.3272162324,,
241,happy,874,327.0,0.0,2.0737273352,1.0,3.0737273352,,
681,sad,875,39.0,461.0,3.4890302324,0.2,3.6890302324,,
658,surprise,876,7.0,276.0,1.8354604819,0.8,2.6354604819,,
286,surprise,877,677.0,352.0,1.5772747361,0.8,2.3772747361,,
197,happy,878,452.0,197.0,2.6289937875,1.0,3.6289937875,,
689,angry,879,17.0,284.0,4.0594761262,0.0,4.0594761262,,
790,happy,880,762.0,87.0,2.7482681933,1.0,3.7482681933,,
361,happy,881,167.0,323.0,1.619124906,1.0,2.619124906,,
146,surprise,882,576.0,101.0,1.2589464015,0.8,2.0589464015,,
37,angry,883,731.0,29.0,3.7444320879,0.0,3.7444320879,,
4,happy,884,675.0,311.0,2.0595733561,1.0,3.0595733561,,
969,neutral,885,307.0,19.0,1.2718780827,0.5,1.7718780827,,
441,happy,886,389.0,161.0,1.8975245641,1.0,2.8975245641,,
556,neutral,887,41.0,231.0,3.1525586498,0.5,3.6525586498,,
629,angry,888,603.0,128.0,2.1505487755,0.0,2.1505487755,,
492,happy,889,323.0,205.0,2.6720085974,1.0,3.6720085974,,
417,sad,890,275.0,478.0,4.7931536848,0.2,4.9931536848,,
126,surprise,891,406.0,332.0,4.9169037857,0.8,5.7169037857,,
37,angry,892,491.0,331.0,3.9690337763,0.0,3.9690337763,,
793,surprise,893,182.0,176.0,2.6762602363,0.8,3.4762602363,,
474,happy,894,106.0,366.0,4.7058426751,1.0,5.7058426751,,
261,angry,895,641.0,228.0,4.1629750099,0.0,4.1629750099,,
357,happy,896,358.0,306.0,4.4167002917,1.0,5.4167002917,,
820,surprise,897,527.0,291.0,4.351937384,0.8,5.151937384,,
733,angry,898,678.0,98.0,3.7681726407,0.0,3.7681726407,,
15,happy,899,186.0,412.0,3.940430176,1.0,4.940430176,,
968,angry,900,228.0,405.0,3.8568208802,0.0,3.8568208802,,
22,angry,901,722.0,11.0,1.443764014,0.0,1.443764014,,
951,neutral,902,200.0,108.0,1.6280856357,0.5,2.1280856357,,
199,angry,903,736.0,154.0,3.6304752324,0.0,3.6304752324,,
759,surprise,904,682.0,22.0,1.3937042888,0.8,2.1937042888,,
415,surprise,905,479.0,276.0,3.8304645257,0.8,4.6304645257,,
50,surprise,906,200.0,70.0,1.6267275481,0.8,2.4267275481,,
708,angry,907,94.0,498.0,1.4688810595,0.0,1.4688810595,,
880,neutral,908,602.0,187.0,1.6192079376,0.5,2.1192079376,,
225,happy,909,64.0,15.0,3.9380710578,1.0,4.9380710578,,
952,sad,910,300.0,361.0,3.5870984565,0.2,3.7870984565,,
909,sad,911,578.0,264.0,2.5313600096,0.2,2.7313600096,,
519,neutral,912,466.0,105.0,1.0705456632,0.5,1.5705456632,,
866,angry,913,614.0,335.0,1.4328465217,0.0,1.4328465217,,
346,surprise,914,57.0,278.0,3.2615274944,0.8,4.0615274944,,
126,surprise,915,230.0,455.0,2.7032629275,0.8,3.5032629275,,
103,angry,916,300.0,245.0,4.8566285897,0.0,4.8566285897,,
359,neutral,917,378.0,90.0,4.3848999388,0.5,4.8848999388,,
428,angry,918,39.0,280.0,1.4228653168,0.0,1.4228653168,,
735,angry,919,621.0,378.0,2.962851504,0.0,2.962851504,,
387,angry,920,552.0,167.0,2.5972407798,0.0,2.5972407798,,
710,sad,921,97.0,391.0,4.3002018153,0.2,4.5002018153,,
809,neutral,922,108.0,499.0,2.2187673611,0.5,2.7187673611,,
620,surprise,923,545.0,56.0,1.7923596657,0.8,2.5923596657,,
814,happy,924,636.0,164.0,1.8277871823,1.0,2.8277871823,,
39,surprise,925,639.0,248.0,3.8829769549,0.8,4.6829769549,,
180,angry,926,542.0,312.0,2.4940733331,0.0,2.4940733331,,
784,sad,927,265.0,329.0,2.562411313,0.2,2.762411313,,
931,happy,928,653.0,228.0,4.6481453216,1.0,5.6481453216,,
272,neutral,929,37.0,401.0,2.6211557716,0.5,3.1211557716,,
923,surprise,930,27.0,87.0,1.6383612103,0.8,2.4383612103,,
321,happy,931,13.0,385.0,3.5170325084,1.0,4.5170325084,,
628,angry,932,790.0,362.0,2.4074360774,0.0,2.4074360774,,
193,sad,933,383.0,255.0,4.4108607573,0.2,4.6108607573,,
629,angry,934,572.0,114.0,1.5756035489,0.0,1.5756035489,,
229,happy,935,322.0,86.0,1.8573493699,1.0,2.8573493699,,
602,surprise,936,290.0,247.0,4.135112991,0.8,4.935112991,,
942,angry,937,736.0,226.0,3.9517758299,0.0,3.9517758299,,
561,surprise,938,576.0,293.0,3.5581882239,0.8,4.3581882239,,
19,sad,939,572.0,484.0,2.9481632957,0.2,3.1481632957,,
171,surprise,940,519.0,274.0,3.7078735605,0.8,4.5078735605,,
86,sad,941,376.0,270.0,3.7182019015,0.2,3.9182019015,,
917,angry,942,186.0,385.0,2.4313699893,0.0,2.4313699893,,
276,sad,943,403.0,321.0,4.5968631361,0.2,4.7968631361,,
420,sad,944,556.0,9.0,4.05209184,0.2,4.25209184,,
802,happy,945,769.0,178.0,1.6665869574,1.0,2.6665869574,,
304,sad,946,442.0,137.0,4.6070277096,0.2,4.8070277096,,
899,sad,947,785.0,23.0,2.6286090354,0.2,2.8286090354,,
364,sad,948,463.0,197.0,3.2995896803,0.2,3.4995896803,,
294,sad,949,587.0,364.0,4.98196932,0.2,5.18196932,,
970,angry,950,172.0,444.0,3.0257579543,0.0,3.0257579543,,
522,surprise,951,482.0,484.0,3.5657044826,0.8,4.3657044826,,
135,angry,952,258.0,374.0,3.8172360477,0.0,3.8172360477,,
651,surprise,953,262.0,473.0,4.0711028955,0.8,4.8711028955,,
670,sad,954,41.0,43.0,2.1560805722,0.2,2.3560805722,,
553,sad,955,569.0,203.0,1.9993583618,0.2,2.1993583618,,
508,angry,956,470.0,299.0,3.1966314161,0.0,3.1966314161,,
986,angry,957,334.0,348.0,4.6484212872,0.0,4.6484212872,,
107,neutral,958,31.0,54.0,1.6471168452,0.5,2.1471168452,,
547,angry,959,500.0,379.0,3.4395801772,0.0,3.4395801772,,
109,sad,960,344.0,403.0,2.0422981716,0.2,2.2422981716,,
174,neutral,961,371.0,80.0,3.2630007792,0.5,3.7630007792,,
109,sad,962,120.0,367.0,1.0868398776,0.2,1.2868398776,,
142,happy,963,481.0,202.0,3.4802979619,1.0,4.4802979619,,
939,angry,964,759.0,85.0,2.2155564018,0.0,2.2155564018,,
559,angry,965,468.0,111.0,1.9021582372,0.0,1.9021582372,,
196,sad,966,166.0,471.0,2.169054625,0.2,2.369054625,,
931,happy,967,83.0,453.0,3.5325132563,1.0,4.5325132563,,
217,neutral,968,569.0,444.0,1.6920906323,0.5,2.1920906323,,
755,angry,969,17.0,89.0,4.787316215,0.0,4.787316215,,
655,neutral,970,255.0,126.0,2.172127276,0.5,2.672127276,,
527,happy,971,717.0,196.0,3.4580632765,1.0,4.4580632765,,
939,angry,972,687.0,208.0,1.5990469779,0.0,1.5990469779,,
731,sad,973,602.0,11.0,3.4925244181,0.2,3.6925244181,,
188,neutral,974,351.0,239.0,1.5964656859,0.5,2.0964656859,,
751,neutral,975,21.0,403.0,3.3860269651,0.5,3.8860269651,,
206,surprise,976,218.0,391.0,1.0864653534,0.8,1.8864653534,,
115,sad,977,164.0,450.0,2.9259848689,0.2,3.1259848689,,
746,happy,978,139.0,492.0,4.6420002924,1.0,5.6420002924,,
794,angry,979,435.0,314.0,1.4803328609,0.0,1.4803328609,,
862,sad,980,728.0,448.0,4.8841069214,0.2,5.0841069214,,
923,surprise,981,562.0,396.0,4.2478126396,0.8,5.0478126396,,
932,angry,982,633.0,89.0,1.3330365577,0.0,1.3330365577,,
72,happy,983,348.0,173.0,1.254814335,1.0,2.254814335,,
911,neutral,984,663.0,486.0,2.4108876023,0.5,2.9108876023,,
395,angry,985,233.0,376.0,4.774141955,0.0,4.774141955,,
891,sad,986,645.0,314.0,4.2712193121,0.2,4.4712193121,,
546,neutral,987,586.0,122.0,3.9189070984,0.5,4.4189070984,,
780,surprise,988,702.0,483.0,1.8559537877,0.8,2.6559537877,,
610,surprise,989,769.0,216.0,4.8372972426,0.8,5.6372972426,,
769,sad,990,578.0,491.0,1.8019208744,0.2,2.0019208744,,
246,sad,991,56.0,242.0,2.7668134837,0.2,2.9668134837,,
50,surprise,992,782.0,344.0,2.6250134979,0.8,3.4250134979,,
112,angry,993,461.0,71.0,2.9907895499,0.0,2.9907895499,,
782,sad,994,617.0,103.0,1.0487355026,0.2,1.2487355026,,
478,angry,995,313.0,252.0,2.8876873116,0.0,2.8876873116,,
437,happy,996,239.0,171.0,4.6386445661,1.0,5.6386445661,,
710,sad,997,234.0,53.0,4.9167218594,0.2,5.1167218594,,
886,neutral,998,267.0,220.0,2.1283181743,0.5,2.6283181743,,
902,sad,999,661.0,94.0,2.1496519898,0.2,2.3496519898,,
64,happy,1000,48.0,98.0,2.2042435254,1.0,3.2042435254,,
1,happy,1001,197.0,253.0,5.0,1.0,6.0,1.0,A (Left)
1,neutral,1002,586.25,253.0,5.0,0.5,5.5,2.0,B (Right)
1,sad,1003,586.25,253.0,5.0,0.2,5.2,3.0,B (Right)
1,happy,1004,197.0,253.0,5.0,1.0,6.0,4.0,A (Left)
1,sad,1005,197.0,253.0,5.0,0.2,5.2,5.0,A (Left)
1,sad,1006,586.25,253.0,5.0,0.2,5.2,6.0,B (Right)
1,sad,1007,197.0,253.0,5.0,0.2,5.2,7.0,A (Left)
1,neutral,1008,586.25,253.0,5.0,0.5,5.5,8.0,B (Right)
1,neutral,1009,197.0,253.0,5.0,0.5,5.5,9.0,A (Left)
3,happy,1010,197.0,253.0,5.0,1.0,6.0,1.0,A (Left)
3,sad,1011,586.25,253.0,5.0,0.2,5.2,2.0,B (Right)
3,sad,1012,586.25,253.0,5.0,0.2,5.2,3.0,B (Right)
3,neutral,1013,586.25,253.0,5.0,0.5,5.5,4.0,B (Right)
3,neutral,1014,586.25,253.0,5.0,0.5,5.5,5.0,B (Right)
3,happy,1015,586.25,253.0,5.0,1.0,6.0,6.0,B (Right)
3,sad,1016,586.25,253.0,5.0,0.2,5.2,7.0,B (Right)
3,happy,1017,197.0,253.0,5.0,1.0,6.0,8.0,A (Left)
3,sad,1018,586.25,253.0,5.0,0.2,5.2,9.0,B (Right)
4,sad,1019,197.0,253.0,5.0,0.2,5.2,1.0,A (Left)
4,sad,1020,197.0,253.0,5.0,0.2,5.2,2.0,A (Left)
4,happy,1021,197.0,253.0,5.0,1.0,6.0,3.0,A (Left)
4,happy,1022,197.0,253.0,5.0,1.0,6.0,4.0,A (Left)
4,neutral,1023,406.0,253.0,5.0,0.5,5.5,5.0,C (Neutral)
4,neutral,1024,586.25,253.0,5.0,0.5,5.5,6.0,B (Right)
4,happy,1025,586.25,253.0,5.0,1.0,6.0,7.0,B (Right)
4,sad,1026,197.0,253.0,5.0,0.2,5.2,8.0,A (Left)
4,sad,1027,586.25,253.0,5.0,0.2,5.2,9.0,B (Right)
